{
    "materials": [{
        "DbgName": "Material.002",
        "opacity": 1,
        "specularCoef": 50,
        "colorSpecular": [0.5,0.5,0.5],
        "DbgIndex": 0,
        "depthTest": true,
        "blending": "NormalBlending",
        "DbgColor": 15658734,
        "colorAmbient": [0.64,0.042743,0.008691],
        "transparent": false,
        "visible": true,
        "wireframe": false,
        "colorEmissive": [0,0,0],
        "shading": "phong",
        "colorDiffuse": [0.64,0.042743,0.008691],
        "depthWrite": true
    },{
        "DbgName": "Material.001",
        "opacity": 1,
        "specularCoef": 50,
        "colorSpecular": [0.5,0.5,0.5],
        "DbgIndex": 1,
        "depthTest": true,
        "blending": "NormalBlending",
        "DbgColor": 15597568,
        "colorAmbient": [0.64,0.275153,0],
        "transparent": false,
        "visible": true,
        "wireframe": false,
        "colorEmissive": [0,0,0],
        "shading": "phong",
        "colorDiffuse": [0.64,0.275153,0],
        "depthWrite": true
    },{
        "DbgName": "Material",
        "opacity": 1,
        "specularCoef": 50,
        "colorSpecular": [0.5,0.5,0.5],
        "DbgIndex": 2,
        "depthTest": true,
        "blending": "NormalBlending",
        "DbgColor": 60928,
        "colorAmbient": [0.641044,0.64,0.64217],
        "transparent": false,
        "visible": true,
        "wireframe": false,
        "colorEmissive": [0,0,0],
        "shading": "phong",
        "colorDiffuse": [0.641044,0.64,0.64217],
        "depthWrite": true
    }],
    "name": "Cube.003Geometry.2",
    "faces": [35,1,0,4,5,0,0,1,2,3,35,5,6,2,1,0,3,4,5,0,35,6,7,3,2,0,4,6,7,5,35,0,3,7,4,0,1,7,6,2,35,0,1,2,3,0,1,0,5,7,35,7,6,5,4,0,6,4,3,2,35,12,13,9,8,0,2,3,0,1,35,13,14,10,9,0,3,4,5,0,35,14,15,11,10,0,4,6,7,5,35,15,12,8,11,0,6,2,1,7,35,8,9,10,11,0,1,0,5,7,35,15,14,13,12,0,6,4,3,2,35,20,21,17,16,0,2,3,0,1,35,21,22,18,17,0,3,4,5,0,35,22,23,19,18,0,4,6,7,5,35,23,20,16,19,0,6,2,1,7,35,16,17,18,19,0,1,0,5,7,35,23,22,21,20,0,6,4,3,2,35,28,29,25,24,0,2,3,0,1,35,29,30,26,25,0,3,4,5,0,35,30,31,27,26,0,4,6,7,5,35,31,28,24,27,0,6,2,1,7,35,24,25,26,27,0,1,0,5,7,35,31,30,29,28,0,6,4,3,2,35,36,37,33,32,0,2,3,0,1,35,37,38,34,33,0,3,4,5,0,35,38,39,35,34,0,4,6,7,5,35,39,36,32,35,0,6,2,1,7,35,32,33,34,35,0,1,0,5,7,35,39,38,37,36,0,6,4,3,2,35,44,45,41,40,1,8,9,10,11,35,45,46,42,41,1,9,12,13,10,35,46,47,43,42,1,12,14,15,13,35,47,44,40,43,1,14,8,11,15,35,40,41,42,43,1,11,10,13,15,35,47,46,45,44,1,14,12,9,8,35,52,53,49,48,1,8,9,10,11,35,53,54,50,49,1,9,12,13,10,35,54,55,51,50,1,12,14,15,13,35,55,52,48,51,1,14,8,11,15,35,48,49,50,51,1,11,10,13,15,35,55,54,53,52,1,14,12,9,8,35,56,57,58,59,2,5,7,1,0,35,60,63,62,61,2,4,3,2,6,35,56,60,61,57,2,5,4,6,7,35,57,61,62,58,2,7,6,2,1,35,58,62,63,59,2,1,2,3,0,35,60,56,59,63,2,4,5,0,3],
    "normals": [-0.577349,-0.577349,-0.577349,-0.577349,-0.577349,0.577349,-0.577349,0.577349,0.577349,-0.577349,0.577349,-0.577349,0.577349,0.577349,-0.577349,0.577349,-0.577349,-0.577349,0.577349,0.577349,0.577349,0.577349,-0.577349,0.577349,-0.592273,-0.419416,-0.687918,-0.750572,-0.414502,0.514542,-0.469192,0.73159,0.494583,-0.390515,0.686514,-0.6133,0.390515,-0.686514,0.6133,0.592273,0.419416,0.687918,0.469192,-0.73159,-0.494583,0.750572,0.414502,-0.514542],
    "vertices": [0.679504,2.56327,6.27211,0.679504,2.56327,-6.63312,0.794218,2.56327,-6.63312,0.794218,2.56327,6.27211,0.679504,2.66325,6.27211,0.679504,2.66325,-6.63312,0.794218,2.66325,-6.63312,0.794218,2.66325,6.27211,-0.020639,3.26746,6.18018,-0.020639,3.26745,-6.72505,0.094074,3.26745,-6.72505,0.094074,3.26746,6.18018,-0.020639,3.36743,6.18018,-0.020639,3.36743,-6.72505,0.094074,3.36743,-6.72505,0.094074,3.36743,6.18018,-0.355616,3.60518,6.08373,-0.355616,3.60518,-6.8215,-0.240903,3.60518,-6.8215,-0.240903,3.60518,6.08373,-0.355616,3.70515,6.08373,-0.355616,3.70515,-6.8215,-0.240903,3.70515,-6.8215,-0.240903,3.70515,6.08373,0.337839,2.90818,6.14512,0.337839,2.90818,-6.7601,0.452553,2.90818,-6.7601,0.452553,2.90818,6.14512,0.337839,3.00816,6.14512,0.337839,3.00816,-6.7601,0.452553,3.00816,-6.7601,0.452553,3.00816,6.14512,-0.662161,3.90818,6.14512,-0.662161,3.90818,-6.7601,-0.547447,3.90818,-6.7601,-0.547447,3.90818,6.14512,-0.662161,4.00816,6.14512,-0.662161,4.00816,-6.7601,-0.547447,4.00816,-6.7601,-0.547447,4.00816,6.14512,1.0244,2.45649,-6.27148,1.0244,2.45649,-7.04346,-0.791674,3.39079,-7.49473,-0.791674,3.39079,-6.72276,1.0244,3.22847,-6.27148,1.0244,3.22847,-7.04346,-0.791674,4.16277,-7.49473,-0.791674,4.16277,-6.72276,1.0244,2.45649,6.95702,1.0244,2.45649,6.18504,-0.791674,3.39079,5.73377,-0.791674,3.39079,6.50574,1.0244,3.22847,6.95702,1.0244,3.22847,6.18504,-0.791674,4.16277,5.73377,-0.791674,4.16277,6.50574,1,-7.50303,-7,1,-7.50303,7,-1,-7.50303,7,-1,-7.50303,-7,1,2.49697,-7,0.999999,2.49698,7,-1,2.49698,7,-1,2.49697,-7],
    "uvs": [],
    "metadata": {
        "faces": 48,
        "normals": 16,
        "vertices": 64,
        "type": "Geometry",
        "generator": "io_three",
        "version": 3,
        "uvs": 0,
        "materials": 3
    }
}