{
    "vertices": [-0.391109,-5.59056,0.391109,-0.391109,-4.80835,0.391109,-0.391109,-5.59056,-0.391109,-0.391109,-4.80835,-0.391109,0.391109,-5.59056,0.391109,0.391109,-4.80835,0.391109,0.391109,-5.59056,-0.391109,0.391109,-4.80835,-0.391109,0.36345,-4.80835,0.364413,0.362161,-4.80835,-0.360715,-0.361102,-4.80835,-0.361552,-0.362045,-4.80835,0.363071],
    "faces": [35,2,0,1,3,0,0,1,2,3,35,3,7,6,2,0,3,4,5,0,35,7,5,4,6,0,4,6,7,5,35,0,4,5,1,0,1,7,6,2,35,0,2,6,4,0,1,0,5,7,34,8,5,7,0,8,6,4,34,7,3,10,0,4,3,8,34,9,8,7,0,9,8,4,34,7,10,9,0,4,8,9,34,1,5,8,0,2,6,8,34,10,3,1,0,8,3,2,34,1,8,11,0,2,8,8,34,1,11,10,0,2,8,8],
    "materials": [{
        "depthWrite": true,
        "transparent": false,
        "DbgIndex": 0,
        "colorDiffuse": [0.64,0.352475,0.16366],
        "blending": "NormalBlending",
        "colorEmissive": [0,0,0],
        "colorAmbient": [0.64,0.352475,0.16366],
        "shading": "phong",
        "opacity": 1,
        "depthTest": true,
        "wireframe": false,
        "specularCoef": 50,
        "DbgColor": 15658734,
        "DbgName": "Material.003",
        "visible": true,
        "colorSpecular": [0.5,0.5,0.5]
    }],
    "name": "Cube.001Geometry.1",
    "normals": [-0.577349,-0.577349,-0.577349,-0.577349,-0.577349,0.577349,-0.577349,0.577349,0.577349,-0.577349,0.577349,-0.577349,0.577349,0.577349,-0.577349,0.577349,-0.577349,-0.577349,0.577349,0.577349,0.577349,0.577349,-0.577349,0.577349,0,1,0,0,0.999969,0],
    "uvs": [],
    "metadata": {
        "vertices": 12,
        "version": 3,
        "generator": "io_three",
        "faces": 13,
        "materials": 1,
        "type": "Geometry",
        "uvs": 0,
        "normals": 10
    }
}