{
    "vertices": [-0.014883,-3.80297,-0.932612,0.01776,-5.15195,-0.277492,-0.013977,-3.80311,-0.932956,0.018666,-5.1521,-0.277835,-0.013161,-3.80333,-0.933452,0.019482,-5.15232,-0.278331,-0.012466,-3.80362,-0.93408,0.020177,-5.1526,-0.27896,-0.011919,-3.80397,-0.934817,0.020724,-5.15295,-0.279697,-0.011542,-3.80436,-0.935635,0.021101,-5.15334,-0.280514,-0.011348,-3.80477,-0.936501,0.021295,-5.15375,-0.28138,-0.011345,-3.8052,-0.937382,0.021297,-5.15418,-0.282262,-0.011534,-3.80562,-0.938246,0.021109,-5.1546,-0.283125,-0.011907,-3.80603,-0.939058,0.020736,-5.15501,-0.283937,-0.012449,-3.80639,-0.939787,0.020194,-5.15538,-0.284666,-0.01314,-3.80671,-0.940405,0.019503,-5.15569,-0.285285,-0.013953,-3.80696,-0.94089,0.01869,-5.15595,-0.285769,-0.014858,-3.80715,-0.941221,0.017785,-5.15613,-0.2861,-0.015818,-3.80725,-0.941386,0.016825,-5.15623,-0.286265,-0.016798,-3.80727,-0.941379,0.015845,-5.15625,-0.286258,-0.01776,-3.80721,-0.9412,0.014883,-5.15619,-0.286079,-0.018666,-3.80706,-0.940856,0.013977,-5.15604,-0.285735,-0.019482,-3.80684,-0.94036,0.013161,-5.15582,-0.28524,-0.020177,-3.80655,-0.939732,0.012466,-5.15554,-0.284611,-0.020724,-3.80621,-0.938995,0.011919,-5.15519,-0.283874,-0.021101,-3.80582,-0.938178,0.011542,-5.1548,-0.283057,-0.021295,-3.8054,-0.937312,0.011348,-5.15439,-0.282191,-0.021297,-3.80498,-0.93643,0.011345,-5.15396,-0.281309,-0.021109,-3.80455,-0.935566,0.011534,-5.15353,-0.280446,-0.020736,-3.80415,-0.934754,0.011907,-5.15313,-0.279634,-0.020194,-3.80378,-0.934025,0.012449,-5.15276,-0.278904,-0.019503,-3.80347,-0.933407,0.01314,-5.15245,-0.278286,-0.01869,-3.80321,-0.932923,0.013953,-5.15219,-0.277802,-0.017785,-3.80303,-0.932592,0.014858,-5.15201,-0.277471,-0.016825,-3.80293,-0.932426,0.015818,-5.15191,-0.277306,-0.015845,-3.8029,-0.932433,0.016798,-5.15189,-0.277313],
    "faces": [35,0,1,3,2,0,0,1,2,3,35,2,3,5,4,0,3,2,4,5,35,4,5,7,6,0,5,4,6,7,35,6,7,9,8,0,7,6,8,9,35,8,9,11,10,0,9,8,10,11,35,10,11,13,12,0,11,10,12,13,35,12,13,15,14,0,13,12,14,15,35,14,15,17,16,0,15,14,16,17,35,16,17,19,18,0,17,16,18,19,35,18,19,21,20,0,19,18,20,21,35,20,21,23,22,0,21,20,22,23,35,22,23,25,24,0,23,22,24,25,35,24,25,27,26,0,25,24,26,27,35,26,27,29,28,0,27,26,28,29,35,28,29,31,30,0,29,28,30,31,35,30,31,33,32,0,31,30,32,33,35,32,33,35,34,0,33,32,34,35,35,34,35,37,36,0,35,34,36,37,35,36,37,39,38,0,37,36,38,39,35,38,39,41,40,0,39,38,40,41,35,40,41,43,42,0,41,40,42,43,35,42,43,45,44,0,43,42,44,45,35,44,45,47,46,0,45,44,46,47,35,46,47,49,48,0,47,46,48,49,35,48,49,51,50,0,49,48,50,51,35,50,51,53,52,0,51,50,52,53,35,52,53,55,54,0,53,52,54,55,35,54,55,57,56,0,55,54,56,57,35,56,57,59,58,0,57,56,58,59,35,58,59,61,60,0,59,58,60,61,34,5,3,1,0,4,2,1,34,1,63,61,0,1,62,60,34,61,59,57,0,60,58,56,34,57,55,53,0,56,54,52,34,53,51,49,0,52,50,48,34,49,47,45,0,48,46,44,34,45,43,41,0,44,42,40,34,41,39,37,0,40,38,36,34,37,35,33,0,36,34,32,34,33,31,29,0,32,30,28,34,29,27,25,0,28,26,24,34,25,23,21,0,24,22,20,34,21,19,17,0,20,18,16,34,17,15,13,0,16,14,12,34,13,11,9,0,12,10,8,34,9,7,5,0,8,6,4,34,5,1,61,0,4,1,60,34,61,57,53,0,60,56,52,34,53,49,45,0,52,48,44,34,45,41,37,0,44,40,36,34,37,33,29,0,36,32,28,34,29,25,21,0,28,24,20,34,21,17,13,0,20,16,12,34,13,9,5,0,12,8,4,34,5,61,53,0,4,60,52,34,53,45,37,0,52,44,36,34,37,29,21,0,36,28,20,34,21,13,5,0,20,12,4,34,5,53,37,0,4,52,36,34,37,21,5,0,36,20,4,35,1,0,62,63,0,1,0,63,62,35,60,61,63,62,0,61,60,62,63,34,62,0,2,0,63,0,3,34,2,4,6,0,3,5,7,34,6,8,10,0,7,9,11,34,10,12,14,0,11,13,15,34,14,16,18,0,15,17,19,34,18,20,22,0,19,21,23,34,22,24,26,0,23,25,27,34,26,28,30,0,27,29,31,34,30,32,34,0,31,33,35,34,34,36,38,0,35,37,39,34,38,40,42,0,39,41,43,34,42,44,46,0,43,45,47,34,46,48,50,0,47,49,51,34,50,52,54,0,51,53,55,34,54,56,58,0,55,57,59,34,58,60,62,0,59,61,63,34,62,2,6,0,63,3,7,34,6,10,14,0,7,11,15,34,14,18,22,0,15,19,23,34,22,26,30,0,23,27,31,34,30,34,38,0,31,35,39,34,38,42,46,0,39,43,47,34,46,50,54,0,47,51,55,34,54,58,62,0,55,59,63,34,62,6,14,0,63,7,15,34,14,22,30,0,15,23,31,34,30,38,46,0,31,39,47,34,46,54,62,0,47,55,63,34,62,14,30,0,63,15,31,34,30,46,62,0,31,47,63],
    "materials": [{
        "depthWrite": true,
        "transparent": false,
        "DbgIndex": 0,
        "colorDiffuse": [0,0,0],
        "blending": "NormalBlending",
        "colorEmissive": [0,0,0],
        "colorAmbient": [0,0,0],
        "shading": "phong",
        "opacity": 1,
        "depthTest": true,
        "wireframe": false,
        "specularCoef": 50,
        "DbgColor": 15658734,
        "DbgName": "Material.001",
        "visible": true,
        "colorSpecular": [0.5,0.5,0.5]
    }],
    "name": "Cylinder.006Geometry",
    "normals": [0.194494,0.92526,0.325632,0.224311,-0.308115,0.924497,0.356243,-0.329173,0.874477,0.326395,0.904172,0.275521,0.475082,-0.361248,0.802332,0.445204,0.872005,0.203375,0.57622,-0.403302,0.710837,0.546373,0.830012,0.111942,0.655782,-0.453505,0.603534,0.625904,0.779839,0.004608,0.710715,-0.509934,0.484573,0.680898,0.72338,-0.114292,0.738945,-0.570452,0.35847,0.709067,0.662862,-0.240425,0.739311,-0.632801,0.23011,0.709464,0.600513,-0.368786,0.711844,-0.69451,0.104404,0.681997,0.538804,-0.494491,0.657582,-0.753227,-0.013733,0.627796,0.480087,-0.612659,0.578661,-0.806665,-0.119938,0.548814,0.426649,-0.718833,0.478011,-0.85284,-0.209967,0.448195,0.380444,-0.808924,0.359661,-0.88992,-0.280465,0.329814,0.343394,-0.87936,0.227973,-0.916532,-0.328532,0.198157,0.316813,-0.927549,0.088168,-0.931547,-0.352702,0.058321,0.301767,-0.951567,-0.054415,-0.934538,-0.351634,-0.084262,0.298715,-0.950591,-0.194464,-0.925291,-0.325571,-0.224311,0.308023,-0.924528,-0.326426,-0.904172,-0.275521,-0.356273,0.329234,-0.874447,-0.445235,-0.871975,-0.203406,-0.475112,0.361278,-0.802301,-0.546373,-0.830012,-0.111911,-0.57622,0.403302,-0.710807,-0.625935,-0.779809,-0.004639,-0.655782,0.453505,-0.603534,-0.680868,-0.72338,0.114322,-0.710746,0.509903,-0.484542,-0.709067,-0.662862,0.240425,-0.738884,0.570513,-0.35847,-0.709464,-0.600513,0.368786,-0.739341,0.632771,-0.230079,-0.681997,-0.538804,0.494491,-0.711844,0.69451,-0.104404,-0.627796,-0.480087,0.612659,-0.657582,0.753227,0.013733,-0.548814,-0.426649,0.718863,-0.578661,0.806665,0.119938,-0.448225,-0.380444,0.808893,-0.478042,0.85284,0.209967,-0.329783,-0.343394,0.87936,-0.35963,0.88992,0.280435,-0.198157,-0.316782,0.927549,-0.228004,0.916532,0.328593,-0.058321,-0.301767,0.951567,-0.088168,0.931547,0.352672,0.084353,-0.298685,0.950591,0.054476,0.934538,0.351604],
    "uvs": [],
    "metadata": {
        "vertices": 64,
        "version": 3,
        "generator": "io_three",
        "faces": 92,
        "materials": 1,
        "type": "Geometry",
        "uvs": 0,
        "normals": 64
    }
}