{
    "vertices": [-0.307774,-5.13053,0.033742,-0.945424,-3.775,-0.043305,-0.306962,-5.13013,0.034115,-0.944612,-3.7746,-0.042932,-0.306235,-5.12975,0.034657,-0.943885,-3.77422,-0.04239,-0.305622,-5.12943,0.035347,-0.943272,-3.77389,-0.0417,-0.305145,-5.12916,0.03616,-0.942795,-3.77362,-0.040887,-0.304824,-5.12895,0.037063,-0.942474,-3.77342,-0.039984,-0.30467,-5.12883,0.038023,-0.94232,-3.77329,-0.039024,-0.304689,-5.12878,0.039002,-0.942339,-3.77325,-0.038045,-0.304881,-5.12882,0.039962,-0.942531,-3.77328,-0.037085,-0.305239,-5.12893,0.040868,-0.942888,-3.7734,-0.036179,-0.305748,-5.12913,0.041683,-0.943397,-3.77359,-0.035364,-0.306389,-5.12939,0.042377,-0.944038,-3.77386,-0.034671,-0.307137,-5.12971,0.042922,-0.944787,-3.77418,-0.034125,-0.307964,-5.13008,0.043299,-0.945614,-3.77454,-0.033748,-0.308838,-5.13048,0.043492,-0.946487,-3.77494,-0.033555,-0.309725,-5.13089,0.043494,-0.947374,-3.77536,-0.033553,-0.310591,-5.13131,0.043305,-0.94824,-3.77578,-0.033742,-0.311403,-5.13171,0.042933,-0.949052,-3.77618,-0.034114,-0.312129,-5.13209,0.042391,-0.949779,-3.77656,-0.034656,-0.312743,-5.13241,0.0417,-0.950393,-3.77688,-0.035347,-0.313219,-5.13269,0.040888,-0.950869,-3.77715,-0.03616,-0.313541,-5.13289,0.039984,-0.951191,-3.77736,-0.037063,-0.313695,-5.13302,0.039024,-0.951345,-3.77748,-0.038023,-0.313676,-5.13306,0.038046,-0.951325,-3.77753,-0.039002,-0.313483,-5.13302,0.037085,-0.951133,-3.77749,-0.039962,-0.313126,-5.13291,0.03618,-0.950776,-3.77738,-0.040867,-0.312617,-5.13272,0.035365,-0.950267,-3.77718,-0.041682,-0.311976,-5.13245,0.034671,-0.949626,-3.77692,-0.042376,-0.311228,-5.13213,0.034125,-0.948878,-3.7766,-0.042922,-0.310401,-5.13176,0.033749,-0.948051,-3.77623,-0.043298,-0.309527,-5.13136,0.033555,-0.947177,-3.77583,-0.043492,-0.30864,-5.13095,0.033553,-0.94629,-3.77542,-0.043494],
    "faces": [35,0,1,3,2,0,0,1,2,3,35,2,3,5,4,0,3,2,4,5,35,4,5,7,6,0,5,4,6,7,35,6,7,9,8,0,7,6,8,9,35,8,9,11,10,0,9,8,10,11,35,10,11,13,12,0,11,10,12,13,35,12,13,15,14,0,13,12,14,15,35,14,15,17,16,0,15,14,16,17,35,16,17,19,18,0,17,16,18,19,35,18,19,21,20,0,19,18,20,21,35,20,21,23,22,0,21,20,22,23,35,22,23,25,24,0,23,22,24,25,35,24,25,27,26,0,25,24,26,27,35,26,27,29,28,0,27,26,28,29,35,28,29,31,30,0,29,28,30,31,35,30,31,33,32,0,31,30,32,33,35,32,33,35,34,0,33,32,34,35,35,34,35,37,36,0,35,34,36,37,35,36,37,39,38,0,37,36,38,39,35,38,39,41,40,0,39,38,40,41,35,40,41,43,42,0,41,40,42,43,35,42,43,45,44,0,43,42,44,45,35,44,45,47,46,0,45,44,46,47,35,46,47,49,48,0,47,46,48,49,35,48,49,51,50,0,49,48,50,51,35,50,51,53,52,0,51,50,52,53,35,52,53,55,54,0,53,52,54,55,35,54,55,57,56,0,55,54,56,57,35,56,57,59,58,0,57,56,58,59,35,58,59,61,60,0,59,58,60,61,34,5,3,1,0,4,2,1,34,1,63,61,0,1,62,60,34,61,59,57,0,60,58,56,34,57,55,53,0,56,54,52,34,53,51,49,0,52,50,48,34,49,47,45,0,48,46,44,34,45,43,41,0,44,42,40,34,41,39,37,0,40,38,36,34,37,35,33,0,36,34,32,34,33,31,29,0,32,30,28,34,29,27,25,0,28,26,24,34,25,23,21,0,24,22,20,34,21,19,17,0,20,18,16,34,17,15,13,0,16,14,12,34,13,11,9,0,12,10,8,34,9,7,5,0,8,6,4,34,5,1,61,0,4,1,60,34,61,57,53,0,60,56,52,34,53,49,45,0,52,48,44,34,45,41,37,0,44,40,36,34,37,33,29,0,36,32,28,34,29,25,21,0,28,24,20,34,21,17,13,0,20,16,12,34,13,9,5,0,12,8,4,34,5,61,53,0,4,60,52,34,53,45,37,0,52,44,36,34,37,29,21,0,36,28,20,34,21,13,5,0,20,12,4,34,5,53,37,0,4,52,36,34,37,21,5,0,36,20,4,35,1,0,62,63,0,1,0,63,62,35,60,61,63,62,0,61,60,62,63,34,62,0,2,0,63,0,3,34,2,4,6,0,3,5,7,34,6,8,10,0,7,9,11,34,10,12,14,0,11,13,15,34,14,16,18,0,15,17,19,34,18,20,22,0,19,21,23,34,22,24,26,0,23,25,27,34,26,28,30,0,27,29,31,34,30,32,34,0,31,33,35,34,34,36,38,0,35,37,39,34,38,40,42,0,39,41,43,34,42,44,46,0,43,45,47,34,46,48,50,0,47,49,51,34,50,52,54,0,51,53,55,34,54,56,58,0,55,57,59,34,58,60,62,0,59,61,63,34,62,2,6,0,63,3,7,34,6,10,14,0,7,11,15,34,14,18,22,0,15,19,23,34,22,26,30,0,23,27,31,34,30,34,38,0,31,35,39,34,38,42,46,0,39,43,47,34,46,50,54,0,47,51,55,34,54,58,62,0,55,59,63,34,62,6,14,0,63,7,15,34,14,22,30,0,15,23,31,34,30,38,46,0,31,39,47,34,46,54,62,0,47,55,63,34,62,14,30,0,63,15,31,34,30,46,62,0,31,47,63],
    "materials": [{
        "depthWrite": true,
        "transparent": false,
        "DbgIndex": 0,
        "colorDiffuse": [0,0,0],
        "blending": "NormalBlending",
        "colorEmissive": [0,0,0],
        "colorAmbient": [0,0,0],
        "shading": "phong",
        "opacity": 1,
        "depthTest": true,
        "wireframe": false,
        "specularCoef": 50,
        "DbgColor": 15658734,
        "DbgName": "Material.001",
        "visible": true,
        "colorSpecular": [0.5,0.5,0.5]
    }],
    "name": "Cylinder.004Geometry",
    "normals": [0.496475,-0.562822,-0.660817,-0.086459,0.676443,-0.731376,0.031678,0.735221,-0.677053,0.614704,-0.504044,-0.606647,0.137577,0.789422,-0.598193,0.720542,-0.449904,-0.527604,0.226844,0.837214,-0.497604,0.80987,-0.402051,-0.427107,0.296213,0.876522,-0.379345,0.879208,-0.362743,-0.308786,0.342967,0.906003,-0.247902,0.925993,-0.333201,-0.177374,0.365398,0.924497,-0.108249,0.948363,-0.314829,-0.03769,0.36256,0.931303,0.034455,0.945585,-0.307871,0.105014,0.334605,0.926054,0.174352,0.917508,-0.313364,0.24485,0.282601,0.909116,0.305948,0.865596,-0.330088,0.376507,0.208563,0.881008,0.424604,0.791498,-0.358226,0.495132,0.115177,0.842891,0.52559,0.698172,-0.396466,0.596088,0.006256,0.796106,0.605121,0.58919,-0.443159,0.675588,-0.114109,0.742637,0.659871,0.468825,-0.496689,0.730369,-0.241279,0.684378,0.688009,0.341685,-0.554918,0.758446,-0.370403,0.623615,0.688375,0.212531,-0.615558,0.758843,-0.496506,0.562822,0.660787,0.086459,-0.676473,0.731346,-0.614704,0.504013,0.606647,-0.031678,-0.735191,0.677084,-0.720511,0.449904,0.527665,-0.137547,-0.789392,0.598224,-0.809809,0.402051,0.427198,-0.226783,-0.837153,0.497665,-0.879177,0.362774,0.308847,-0.296213,-0.876522,0.379376,-0.925993,0.333201,0.177404,-0.342967,-0.906003,0.247902,-0.948393,0.314798,0.037721,-0.365429,-0.924497,0.108249,-0.945555,0.307993,-0.104923,-0.362529,-0.931303,-0.034364,-0.91757,0.313211,-0.244758,-0.334666,-0.926054,-0.17423,-0.865566,0.330149,-0.376476,-0.282571,-0.909116,-0.305918,-0.791467,0.358287,-0.495132,-0.208502,-0.881008,-0.424604,-0.698172,0.396405,-0.596118,-0.115238,-0.84286,-0.52562,-0.589221,0.44322,-0.675527,-0.006256,-0.796136,-0.60506,-0.468856,0.496628,-0.730399,0.114078,-0.742637,-0.659871,-0.341655,0.554888,-0.758507,0.241279,-0.684347,-0.68804,-0.212592,0.61565,-0.758782,0.370434,-0.623707,-0.688284],
    "uvs": [],
    "metadata": {
        "vertices": 64,
        "version": 3,
        "generator": "io_three",
        "faces": 92,
        "materials": 1,
        "type": "Geometry",
        "uvs": 0,
        "normals": 64
    }
}