{
    "vertices": [0.345614,-5.13792,0.033742,0.956265,-3.77001,-0.043305,0.34645,-5.13827,0.034115,0.957101,-3.77036,-0.042932,0.347206,-5.13858,0.034657,0.957858,-3.77067,-0.04239,0.347855,-5.13883,0.035347,0.958506,-3.77092,-0.0417,0.348371,-5.13901,0.03616,0.959022,-3.77111,-0.040887,0.348734,-5.13912,0.037063,0.959386,-3.77122,-0.039984,0.348931,-5.13916,0.038023,0.959582,-3.77125,-0.039024,0.348954,-5.13911,0.039002,0.959605,-3.77121,-0.038045,0.348801,-5.13899,0.039962,0.959453,-3.77109,-0.037085,0.34848,-5.1388,0.040868,0.959131,-3.77089,-0.036179,0.348001,-5.13854,0.041683,0.958652,-3.77063,-0.035364,0.347384,-5.13822,0.042377,0.958035,-3.77032,-0.034671,0.346653,-5.13787,0.042922,0.957304,-3.76996,-0.034125,0.345834,-5.13748,0.043299,0.956486,-3.76957,-0.033748,0.344961,-5.13708,0.043492,0.955612,-3.76917,-0.033555,0.344066,-5.13668,0.043494,0.954717,-3.76877,-0.033553,0.343184,-5.1363,0.043305,0.953835,-3.76839,-0.033742,0.342348,-5.13594,0.042933,0.952999,-3.76804,-0.034114,0.341592,-5.13564,0.042391,0.952243,-3.76773,-0.034656,0.340943,-5.13539,0.0417,0.951594,-3.76748,-0.035347,0.340427,-5.1352,0.040888,0.951078,-3.76729,-0.03616,0.340063,-5.13509,0.039984,0.950715,-3.76718,-0.037063,0.339867,-5.13506,0.039024,0.950518,-3.76715,-0.038023,0.339844,-5.1351,0.038046,0.950495,-3.7672,-0.039002,0.339997,-5.13522,0.037085,0.950648,-3.76732,-0.039962,0.340318,-5.13542,0.03618,0.95097,-3.76751,-0.040867,0.340797,-5.13568,0.035365,0.951448,-3.76777,-0.041682,0.341414,-5.13599,0.034671,0.952065,-3.76809,-0.042376,0.342145,-5.13635,0.034125,0.952797,-3.76844,-0.042922,0.342964,-5.13674,0.033749,0.953615,-3.76883,-0.043298,0.343837,-5.13714,0.033555,0.954488,-3.76923,-0.043492,0.344732,-5.13754,0.033553,0.955383,-3.76963,-0.043494],
    "faces": [35,0,1,3,2,0,0,1,2,3,35,2,3,5,4,0,3,2,4,5,35,4,5,7,6,0,5,4,6,7,35,6,7,9,8,0,7,6,8,9,35,8,9,11,10,0,9,8,10,11,35,10,11,13,12,0,11,10,12,13,35,12,13,15,14,0,13,12,14,15,35,14,15,17,16,0,15,14,16,17,35,16,17,19,18,0,17,16,18,19,35,18,19,21,20,0,19,18,20,21,35,20,21,23,22,0,21,20,22,23,35,22,23,25,24,0,23,22,24,25,35,24,25,27,26,0,25,24,26,27,35,26,27,29,28,0,27,26,28,29,35,28,29,31,30,0,29,28,30,31,35,30,31,33,32,0,31,30,32,33,35,32,33,35,34,0,33,32,34,35,35,34,35,37,36,0,35,34,36,37,35,36,37,39,38,0,37,36,38,39,35,38,39,41,40,0,39,38,40,41,35,40,41,43,42,0,41,40,42,43,35,42,43,45,44,0,43,42,44,45,35,44,45,47,46,0,45,44,46,47,35,46,47,49,48,0,47,46,48,49,35,48,49,51,50,0,49,48,50,51,35,50,51,53,52,0,51,50,52,53,35,52,53,55,54,0,53,52,54,55,35,54,55,57,56,0,55,54,56,57,35,56,57,59,58,0,57,56,58,59,35,58,59,61,60,0,59,58,60,61,34,5,3,1,0,4,2,1,34,1,63,61,0,1,62,60,34,61,59,57,0,60,58,56,34,57,55,53,0,56,54,52,34,53,51,49,0,52,50,48,34,49,47,45,0,48,46,44,34,45,43,41,0,44,42,40,34,41,39,37,0,40,38,36,34,37,35,33,0,36,34,32,34,33,31,29,0,32,30,28,34,29,27,25,0,28,26,24,34,25,23,21,0,24,22,20,34,21,19,17,0,20,18,16,34,17,15,13,0,16,14,12,34,13,11,9,0,12,10,8,34,9,7,5,0,8,6,4,34,5,1,61,0,4,1,60,34,61,57,53,0,60,56,52,34,53,49,45,0,52,48,44,34,45,41,37,0,44,40,36,34,37,33,29,0,36,32,28,34,29,25,21,0,28,24,20,34,21,17,13,0,20,16,12,34,13,9,5,0,12,8,4,34,5,61,53,0,4,60,52,34,53,45,37,0,52,44,36,34,37,29,21,0,36,28,20,34,21,13,5,0,20,12,4,34,5,53,37,0,4,52,36,34,37,21,5,0,36,20,4,35,1,0,62,63,0,1,0,63,62,35,60,61,63,62,0,61,60,62,63,34,62,0,2,0,63,0,3,34,2,4,6,0,3,5,7,34,6,8,10,0,7,9,11,34,10,12,14,0,11,13,15,34,14,16,18,0,15,17,19,34,18,20,22,0,19,21,23,34,22,24,26,0,23,25,27,34,26,28,30,0,27,29,31,34,30,32,34,0,31,33,35,34,34,36,38,0,35,37,39,34,38,40,42,0,39,41,43,34,42,44,46,0,43,45,47,34,46,48,50,0,47,49,51,34,50,52,54,0,51,53,55,34,54,56,58,0,55,57,59,34,58,60,62,0,59,61,63,34,62,2,6,0,63,3,7,34,6,10,14,0,7,11,15,34,14,18,22,0,15,19,23,34,22,26,30,0,23,27,31,34,30,34,38,0,31,35,39,34,38,42,46,0,39,43,47,34,46,50,54,0,47,51,55,34,54,58,62,0,55,59,63,34,62,6,14,0,63,7,15,34,14,22,30,0,15,23,31,34,30,38,46,0,31,39,47,34,46,54,62,0,47,55,63,34,62,14,30,0,63,15,31,34,30,46,62,0,31,47,63],
    "materials": [{
        "depthWrite": true,
        "transparent": false,
        "DbgIndex": 0,
        "colorDiffuse": [0,0,0],
        "blending": "NormalBlending",
        "colorEmissive": [0,0,0],
        "colorAmbient": [0,0,0],
        "shading": "phong",
        "opacity": 1,
        "depthTest": true,
        "wireframe": false,
        "specularCoef": 50,
        "DbgColor": 15658734,
        "DbgName": "Material.001",
        "visible": true,
        "colorSpecular": [0.5,0.5,0.5]
    }],
    "name": "Cylinder.005Geometry",
    "normals": [-0.102176,-0.743431,-0.660939,0.456038,0.507126,-0.731284,0.577654,0.455916,-0.677053,0.019318,-0.794733,-0.606616,0.687826,0.411145,-0.598132,0.129551,-0.839442,-0.527757,0.782281,0.374615,-0.497635,0.223975,-0.875942,-0.427229,0.857387,0.347789,-0.379315,0.299081,-0.902829,-0.308908,0.910306,0.331523,-0.247749,0.352,-0.919004,-0.177343,0.938902,0.32667,-0.108188,0.380627,-0.923917,-0.037782,0.942198,0.333232,0.034242,0.383892,-0.917417,0.104648,0.91998,0.350993,0.174291,0.361644,-0.899594,0.244667,0.873135,0.379315,0.306131,0.31489,-0.871212,0.376537,0.803491,0.417127,0.424665,0.245216,-0.833491,0.495102,0.713706,0.462874,0.525681,0.15537,-0.787744,0.596057,0.607227,0.514939,0.60506,0.048982,-0.735649,0.675527,0.488083,0.571093,0.659963,-0.070193,-0.679495,0.730308,0.360942,0.629536,0.688009,-0.197302,-0.621052,0.758507,0.230628,0.687674,0.688375,-0.327616,-0.562853,0.758812,0.102237,0.743461,0.660878,-0.456069,-0.507218,0.731223,-0.019349,0.794671,0.606677,-0.577624,-0.455794,0.677145,-0.129521,0.839442,0.527726,-0.687826,-0.411206,0.598132,-0.224036,0.875973,0.427137,-0.782342,-0.374615,0.497574,-0.299112,0.902829,0.308817,-0.857448,-0.347728,0.379254,-0.35197,0.919034,0.177404,-0.910276,-0.331614,0.24778,-0.380627,0.923948,0.037721,-0.938902,-0.326701,0.108127,-0.383892,0.917386,-0.104862,-0.942198,-0.333201,-0.034455,-0.361705,0.899594,-0.244697,-0.920011,-0.350902,-0.174322,-0.314859,0.871273,-0.376415,-0.873135,-0.379437,-0.305979,-0.245308,0.833522,-0.49501,-0.803552,-0.417096,-0.424604,-0.155492,0.787744,-0.596026,-0.713767,-0.462783,-0.525651,-0.048891,0.735679,-0.675527,-0.607196,-0.514969,-0.605029,0.070223,0.679464,-0.730308,-0.488052,-0.571123,-0.659993,0.197302,0.621052,-0.758476,-0.360942,-0.629536,-0.688009,0.327616,0.562914,-0.758782,-0.230659,-0.687704,-0.688345],
    "uvs": [],
    "metadata": {
        "vertices": 64,
        "version": 3,
        "generator": "io_three",
        "faces": 92,
        "materials": 1,
        "type": "Geometry",
        "uvs": 0,
        "normals": 64
    }
}