{
    "vertices": [-0.014883,-5.16545,0.318542,0.01776,-3.78995,0.915979,-0.013977,-5.16562,0.318876,0.018666,-3.79012,0.916313,-0.013161,-5.16585,0.319366,0.019482,-3.79035,0.916803,-0.012466,-5.16614,0.319994,0.020177,-3.79064,0.917431,-0.011919,-5.16647,0.320736,0.020724,-3.79097,0.918172,-0.011542,-5.16684,0.321562,0.021101,-3.79134,0.918999,-0.011348,-5.16723,0.322442,0.021295,-3.79173,0.919878,-0.011345,-5.16762,0.323341,0.021298,-3.79212,0.920777,-0.011534,-5.168,0.324225,0.021109,-3.7925,0.921661,-0.011907,-5.16835,0.325059,0.020736,-3.79285,0.922496,-0.012449,-5.16867,0.325813,0.020194,-3.79317,0.92325,-0.01314,-5.16893,0.326456,0.019503,-3.79343,0.923893,-0.013953,-5.16913,0.326965,0.01869,-3.79363,0.924402,-0.014858,-5.16926,0.327319,0.017785,-3.79376,0.924756,-0.015818,-5.16932,0.327505,0.016825,-3.79382,0.924942,-0.016798,-5.1693,0.327516,0.015845,-3.7938,0.924953,-0.01776,-5.16921,0.327351,0.014883,-3.79371,0.924788,-0.018666,-5.16904,0.327017,0.013977,-3.79354,0.924454,-0.019482,-5.16881,0.326527,0.013161,-3.79331,0.923963,-0.020177,-5.16852,0.325899,0.012466,-3.79302,0.923335,-0.020724,-5.16819,0.325157,0.011919,-3.79268,0.922594,-0.021101,-5.16782,0.324331,0.011542,-3.79232,0.921768,-0.021295,-5.16743,0.323451,0.011348,-3.79193,0.920888,-0.021298,-5.16704,0.322552,0.011345,-3.79154,0.919989,-0.021109,-5.16666,0.321668,0.011534,-3.79116,0.919105,-0.020736,-5.16631,0.320834,0.011907,-3.79081,0.91827,-0.020194,-5.16599,0.32008,0.012449,-3.79049,0.917517,-0.019503,-5.16573,0.319437,0.01314,-3.79023,0.916873,-0.01869,-5.16553,0.318928,0.013953,-3.79003,0.916365,-0.017785,-5.1654,0.318574,0.014858,-3.7899,0.916011,-0.016825,-5.16534,0.318388,0.015818,-3.78984,0.915825,-0.015845,-5.16536,0.318377,0.016798,-3.78986,0.915814],
    "faces": [35,0,1,3,2,0,0,1,2,3,35,2,3,5,4,0,3,2,4,5,35,4,5,7,6,0,5,4,6,7,35,6,7,9,8,0,7,6,8,9,35,8,9,11,10,0,9,8,10,11,35,10,11,13,12,0,11,10,12,13,35,12,13,15,14,0,13,12,14,15,35,14,15,17,16,0,15,14,16,17,35,16,17,19,18,0,17,16,18,19,35,18,19,21,20,0,19,18,20,21,35,20,21,23,22,0,21,20,22,23,35,22,23,25,24,0,23,22,24,25,35,24,25,27,26,0,25,24,26,27,35,26,27,29,28,0,27,26,28,29,35,28,29,31,30,0,29,28,30,31,35,30,31,33,32,0,31,30,32,33,35,32,33,35,34,0,33,32,34,35,35,34,35,37,36,0,35,34,36,37,35,36,37,39,38,0,37,36,38,39,35,38,39,41,40,0,39,38,40,41,35,40,41,43,42,0,41,40,42,43,35,42,43,45,44,0,43,42,44,45,35,44,45,47,46,0,45,44,46,47,35,46,47,49,48,0,47,46,48,49,35,48,49,51,50,0,49,48,50,51,35,50,51,53,52,0,51,50,52,53,35,52,53,55,54,0,53,52,54,55,35,54,55,57,56,0,55,54,56,57,35,56,57,59,58,0,57,56,58,59,35,58,59,61,60,0,59,58,60,61,34,5,3,1,0,4,2,1,34,1,63,61,0,1,62,60,34,61,59,57,0,60,58,56,34,57,55,53,0,56,54,52,34,53,51,49,0,52,50,48,34,49,47,45,0,48,46,44,34,45,43,41,0,44,42,40,34,41,39,37,0,40,38,36,34,37,35,33,0,36,34,32,34,33,31,29,0,32,30,28,34,29,27,25,0,28,26,24,34,25,23,21,0,24,22,20,34,21,19,17,0,20,18,16,34,17,15,13,0,16,14,12,34,13,11,9,0,12,10,8,34,9,7,5,0,8,6,4,34,5,1,61,0,4,1,60,34,61,57,53,0,60,56,52,34,53,49,45,0,52,48,44,34,45,41,37,0,44,40,36,34,37,33,29,0,36,32,28,34,29,25,21,0,28,24,20,34,21,17,13,0,20,16,12,34,13,9,5,0,12,8,4,34,5,61,53,0,4,60,52,34,53,45,37,0,52,44,36,34,37,29,21,0,36,28,20,34,21,13,5,0,20,12,4,34,5,53,37,0,4,52,36,34,37,21,5,0,36,20,4,35,1,0,62,63,0,1,0,63,62,35,60,61,63,62,0,61,60,62,63,34,62,0,2,0,63,0,3,34,2,4,6,0,3,5,7,34,6,8,10,0,7,9,11,34,10,12,14,0,11,13,15,34,14,16,18,0,15,17,19,34,18,20,22,0,19,21,23,34,22,24,26,0,23,25,27,34,26,28,30,0,27,29,31,34,30,32,34,0,31,33,35,34,34,36,38,0,35,37,39,34,38,40,42,0,39,41,43,34,42,44,46,0,43,45,47,34,46,48,50,0,47,49,51,34,50,52,54,0,51,53,55,34,54,56,58,0,55,57,59,34,58,60,62,0,59,61,63,34,62,2,6,0,63,3,7,34,6,10,14,0,7,11,15,34,14,18,22,0,15,19,23,34,22,26,30,0,23,27,31,34,30,34,38,0,31,35,39,34,38,42,46,0,39,43,47,34,46,50,54,0,47,51,55,34,54,58,62,0,55,59,63,34,62,6,14,0,63,7,15,34,14,22,30,0,15,23,31,34,30,38,46,0,31,39,47,34,46,54,62,0,47,55,63,34,62,14,30,0,63,15,31,34,30,46,62,0,31,47,63],
    "materials": [{
        "depthWrite": true,
        "transparent": false,
        "DbgIndex": 0,
        "colorDiffuse": [0,0,0],
        "blending": "NormalBlending",
        "colorEmissive": [0,0,0],
        "colorAmbient": [0,0,0],
        "shading": "phong",
        "opacity": 1,
        "depthTest": true,
        "wireframe": false,
        "specularCoef": 50,
        "DbgColor": 15658734,
        "DbgName": "Material.001",
        "visible": true,
        "colorSpecular": [0.5,0.5,0.5]
    }],
    "name": "Cylinder.003Geometry",
    "normals": [0.194464,-0.355296,-0.914274,0.224281,0.90231,-0.368114,0.356243,0.878048,-0.319498,0.326456,-0.379437,-0.865688,0.475051,0.844234,-0.248085,0.445174,-0.413434,-0.794244,0.576189,0.802149,-0.156682,0.546434,-0.455367,-0.702841,0.655782,0.753349,-0.048738,0.625904,-0.504288,-0.594867,0.710746,0.699789,0.071505,0.680929,-0.557726,-0.474593,0.738914,0.643544,0.199591,0.709067,-0.614063,-0.346538,0.73928,0.586688,0.330454,0.709464,-0.670888,-0.215644,0.711844,0.531449,0.45912,0.681997,-0.726127,-0.086978,0.657643,0.479904,0.580676,0.627735,-0.777642,0.034486,0.578631,0.434217,0.690359,0.548814,-0.823389,0.14423,0.478103,0.395825,0.78402,0.448225,-0.86166,0.237861,0.35963,0.366558,0.858058,0.329783,-0.891049,0.311869,0.228004,0.347301,0.909604,0.198157,-0.910276,0.363475,0.088168,0.338786,0.936705,0.058321,-0.918729,0.390484,-0.054506,0.341533,0.938261,-0.084323,-0.916013,0.392102,-0.194464,0.355235,0.914304,-0.224281,-0.90228,0.368145,-0.326395,0.379559,0.865658,-0.356212,-0.878079,0.319468,-0.445265,0.413312,0.794275,-0.475082,-0.844203,0.248146,-0.546403,0.455397,0.702841,-0.576189,-0.802149,0.156652,-0.625935,0.504257,0.594897,-0.655812,-0.753319,0.048799,-0.680868,0.557787,0.474624,-0.710685,-0.69982,-0.071535,-0.709098,0.614032,0.346538,-0.738914,-0.643513,-0.199561,-0.709464,0.670888,0.215674,-0.73928,-0.586688,-0.330454,-0.681997,0.726127,0.087008,-0.711844,-0.531449,-0.45909,-0.627735,0.777642,-0.034486,-0.657643,-0.479904,-0.580645,-0.548814,0.823359,-0.14423,-0.578631,-0.434248,-0.690359,-0.448164,0.86169,-0.237831,-0.478103,-0.395795,-0.784051,-0.329783,0.891018,-0.311899,-0.3596,-0.366649,-0.858028,-0.198187,0.910276,-0.363414,-0.228065,-0.34727,-0.909604,-0.058321,0.918729,-0.390484,-0.088168,-0.338786,-0.936705,0.084353,0.916044,-0.392071,0.054506,-0.341533,-0.938261],
    "uvs": [],
    "metadata": {
        "vertices": 64,
        "version": 3,
        "generator": "io_three",
        "faces": 92,
        "materials": 1,
        "type": "Geometry",
        "uvs": 0,
        "normals": 64
    }
}