{
    "normals": [0.557939,0.471114,0.683187,0.537584,-0.80459,-0.252205,0.561083,-0.56502,-0.604877,0.55266,-0.493912,-0.671255,0.537126,0.776788,0.328715,0.559496,0.48439,0.672536,-0.561083,-0.56502,-0.604877,-0.537584,-0.80459,-0.252205,-0.557939,0.471114,0.683187,-0.559496,0.48439,0.672536,-0.537126,0.776788,0.328715,-0.55266,-0.493912,-0.671255],
    "vertices": [-0.05126,-1.23577,-0.288002,-0.05126,0.764233,-0.04361,-0.05126,-0.115115,-0.413387,-0.05126,-0.096019,0.137218,-0.05126,0.051888,0.323791,-0.05126,-0.024307,-0.211283,0,-1.23577,-0.288002,0,0.764233,-0.04361,1e-06,-0.115115,-0.413387,0,-0.096019,0.137218,0,0.051888,0.323791,0,-0.024307,-0.211283],
    "metadata": {
        "generator": "io_three",
        "type": "Geometry",
        "materials": 1,
        "faces": 14,
        "normals": 12,
        "vertices": 12,
        "version": 3,
        "uvs": 0
    },
    "materials": [{
        "colorDiffuse": [0.64,0.312794,0],
        "wireframe": false,
        "depthTest": true,
        "transparent": false,
        "DbgColor": 15658734,
        "shading": "phong",
        "colorEmissive": [0,0,0],
        "colorSpecular": [0.5,0.5,0.5],
        "specularCoef": 50,
        "blending": "NormalBlending",
        "visible": true,
        "colorAmbient": [0.64,0.312794,0],
        "opacity": 1,
        "depthWrite": true,
        "DbgName": "Material.001",
        "DbgIndex": 0
    }],
    "faces": [34,2,1,5,0,0,1,2,34,4,0,3,0,3,4,5,34,2,5,4,0,0,2,3,34,4,3,2,0,3,5,0,34,11,7,8,0,6,7,8,34,9,6,10,0,9,10,11,34,11,8,9,0,6,8,9,34,9,10,11,0,9,11,6,35,5,1,7,11,0,2,1,7,6,35,2,3,9,8,0,0,5,9,8,35,3,0,6,9,0,5,4,10,9,35,0,4,10,6,0,4,3,11,10,35,4,5,11,10,0,3,2,6,11,35,1,2,8,7,0,1,0,8,7],
    "name": "CylinderGeometry",
    "uvs": []
}